what,kind,bundleId,bundleVersion,description,time
opened,editor,org.eclipse.jdt.ui,3.7.1.r371_v20110824-0800,"org.eclipse.jdt.ui.CompilationUnitEditor",1334047871301
activated,editor,org.eclipse.jdt.ui,3.7.1.r371_v20110824-0800,"org.eclipse.jdt.ui.CompilationUnitEditor",1334047871331
activated,view,org.eclipse.jdt.ui,3.7.1.r371_v20110824-0800,"org.eclipse.jdt.ui.PackageExplorer",1334047871424
activated,editor,org.eclipse.jdt.ui,3.7.1.r371_v20110824-0800,"org.eclipse.jdt.ui.CompilationUnitEditor",1334047880711
activated,editor,org.eclipse.jdt.ui,3.7.1.r371_v20110824-0800,"org.eclipse.jdt.ui.CompilationUnitEditor",1334047887366
activated,view,org.eclipse.jdt.ui,3.7.1.r371_v20110824-0800,"org.eclipse.jdt.ui.PackageExplorer",1334047954847
activated,editor,org.eclipse.jdt.ui,3.7.1.r371_v20110824-0800,"org.eclipse.jdt.ui.CompilationUnitEditor",1334047955913
deactivated,workbench,org.eclipse.ui.workbench,3.7.0.I20110519-0100,"",1334047991617
activated,workbench,org.eclipse.ui.workbench,3.7.0.I20110519-0100,"",1334053180252
activated,view,org.eclipse.ui.console,3.5.100.v20110511,"org.eclipse.ui.console.ConsoleView",1334053272012
activated,editor,org.eclipse.jdt.ui,3.7.1.r371_v20110824-0800,"org.eclipse.jdt.ui.CompilationUnitEditor",1334053272695
activated,view,org.eclipse.jdt.ui,3.7.1.r371_v20110824-0800,"org.eclipse.jdt.ui.PackageExplorer",1334053274354
deactivated,workbench,org.eclipse.ui.workbench,3.7.0.I20110519-0100,"",1334053278265
activated,workbench,org.eclipse.ui.workbench,3.7.0.I20110519-0100,"",1334054575702
activated,editor,org.eclipse.jdt.ui,3.7.1.r371_v20110824-0800,"org.eclipse.jdt.ui.CompilationUnitEditor",1334054575727
deactivated,workbench,org.eclipse.ui.workbench,3.7.0.I20110519-0100,"",1334054656931
activated,workbench,org.eclipse.ui.workbench,3.7.0.I20110519-0100,"",1334054696459
closed,workbench,org.eclipse.ui.workbench,3.7.0.I20110519-0100,"",1334054696750
stopped,bundle,org.eclipse.m2e.logback.configuration,1.0.100.20110804-1717,"org.eclipse.m2e.logback.configuration",1334054697487
stopped,bundle,org.eclipse.m2e.discovery,1.0.100.20110804-1717,"org.eclipse.m2e.discovery",1334054697488
stopped,bundle,org.eclipse.m2e.refactoring,1.0.100.20110804-1717,"org.eclipse.m2e.refactoring",1334054697515
stopped,bundle,org.eclipse.m2e.editor,1.0.100.20110804-1717,"org.eclipse.m2e.editor",1334054697529
stopped,bundle,org.eclipse.m2e.editor.xml,1.0.100.20110804-1717,"org.eclipse.m2e.editor.xml",1334054697545
stopped,bundle,org.eclipse.m2e.jdt,1.0.100.20110804-1717,"org.eclipse.m2e.jdt",1334054697562
stopped,bundle,org.eclipse.m2e.launching,1.0.100.20110804-1717,"org.eclipse.m2e.launching",1334054697562
stopped,bundle,org.eclipse.m2e.usagedata,1.0.100.20110804-1717,"org.eclipse.m2e.usagedata",1334054697562
stopped,bundle,org.eclipse.cdt,8.0.2.201202111925,"org.eclipse.cdt",1334054697590
activated,perspective,org.eclipse.jdt.ui,,"org.eclipse.jdt.ui.JavaPerspective",1334158321645
started,bundle,org.eclipse.osgi,3.7.1.R37x_v20110808-1106,"org.eclipse.osgi",1334158321646
started,bundle,org.eclipse.equinox.simpleconfigurator,1.0.200.v20110502-1955,"org.eclipse.equinox.simpleconfigurator",1334158321664
started,bundle,com.ibm.icu,4.4.2.v20110208,"com.ibm.icu",1334158321665
started,bundle,org.eclipse.compare.core,3.5.200.I20110208-0800,"org.eclipse.compare.core",1334158321665
started,bundle,org.eclipse.core.contenttype,3.4.100.v20110423-0524,"org.eclipse.core.contenttype",1334158321674
started,bundle,org.eclipse.core.databinding.observable,1.4.0.I20110222-0800,"org.eclipse.core.databinding.observable",1334158321687
started,bundle,org.eclipse.core.expressions,3.4.300.v20110228,"org.eclipse.core.expressions",1334158321688
started,bundle,org.eclipse.core.filebuffers,3.5.200.v20110505-0800,"org.eclipse.core.filebuffers",1334158321688
started,bundle,org.eclipse.core.filesystem,1.3.100.v20110423-0524,"org.eclipse.core.filesystem",1334158321696
started,bundle,org.eclipse.core.jobs,3.5.100.v20110404,"org.eclipse.core.jobs",1334158321703
started,bundle,org.eclipse.core.net,1.2.100.I20110511-0800,"org.eclipse.core.net",1334158321703
started,bundle,org.eclipse.core.resources,3.7.100.v20110510-0712,"org.eclipse.core.resources",1334158321704
started,bundle,org.eclipse.core.runtime,3.7.0.v20110110,"org.eclipse.core.runtime",1334158321732
started,bundle,org.eclipse.core.runtime.compatibility,3.2.100.v20100505,"org.eclipse.core.runtime.compatibility",1334158321760
started,bundle,org.eclipse.core.runtime.compatibility.auth,3.2.200.v20110110,"org.eclipse.core.runtime.compatibility.auth",1334158321766
started,bundle,org.eclipse.core.variables,3.2.500.v20110511,"org.eclipse.core.variables",1334158321767
started,bundle,org.eclipse.debug.core,3.7.0.v20110518,"org.eclipse.debug.core",1334158321776
started,bundle,org.eclipse.egit.core,1.1.0.201109151100-r,"org.eclipse.egit.core",1334158321783
started,bundle,org.eclipse.egit.ui,1.1.0.201109151100-r,"org.eclipse.egit.ui",1334158321785
started,bundle,org.eclipse.epp.mpc.ui,1.1.1.I20110907-0947,"org.eclipse.epp.mpc.ui",1334158321785
started,bundle,org.eclipse.epp.usagedata.gathering,1.3.1.R201106061540,"org.eclipse.epp.usagedata.gathering",1334158321786
started,bundle,org.eclipse.epp.usagedata.recording,1.3.1.R201106061540,"org.eclipse.epp.usagedata.recording",1334158321791
started,bundle,org.eclipse.equinox.app,1.3.100.v20110321,"org.eclipse.equinox.app",1334158321802
started,bundle,org.eclipse.equinox.common,3.6.0.v20110523,"org.eclipse.equinox.common",1334158321811
started,bundle,org.eclipse.equinox.ds,1.3.1.R37x_v20110701,"org.eclipse.equinox.ds",1334158321816
started,bundle,org.eclipse.equinox.event,1.2.100.v20110502,"org.eclipse.equinox.event",1334158321826
started,bundle,org.eclipse.equinox.p2.core,2.1.0.v20110502-1955,"org.eclipse.equinox.p2.core",1334158321826
started,bundle,org.eclipse.equinox.p2.directorywatcher,1.0.300.v20110502-1955,"org.eclipse.equinox.p2.directorywatcher",1334158321856
started,bundle,org.eclipse.equinox.p2.engine,2.1.0.v20110511,"org.eclipse.equinox.p2.engine",1334158321856
started,bundle,org.eclipse.equinox.p2.metadata,2.1.0.v20110510,"org.eclipse.equinox.p2.metadata",1334158321857
started,bundle,org.eclipse.equinox.p2.metadata.repository,1.2.0.v20110511-1359,"org.eclipse.equinox.p2.metadata.repository",1334158321858
started,bundle,org.eclipse.equinox.p2.operations,2.1.0.v20110511-1821,"org.eclipse.equinox.p2.operations",1334158321858
started,bundle,org.eclipse.equinox.p2.reconciler.dropins,1.1.100.v20110510,"org.eclipse.equinox.p2.reconciler.dropins",1334158321871
started,bundle,org.eclipse.equinox.p2.repository,2.1.0.v20110601,"org.eclipse.equinox.p2.repository",1334158321872
started,bundle,org.eclipse.equinox.p2.ui.sdk.scheduler,1.0.100.v20110502-1955,"org.eclipse.equinox.p2.ui.sdk.scheduler",1334158321872
started,bundle,org.eclipse.equinox.p2.updatechecker,1.1.200.v20110502-1955,"org.eclipse.equinox.p2.updatechecker",1334158321873
started,bundle,org.eclipse.equinox.preferences,3.4.1.R37x_v20110725,"org.eclipse.equinox.preferences",1334158321884
started,bundle,org.eclipse.equinox.registry,3.5.101.R37x_v20110810-1611,"org.eclipse.equinox.registry",1334158321898
started,bundle,org.eclipse.equinox.security,1.1.1.R37x_v20110822-1018,"org.eclipse.equinox.security",1334158321919
started,bundle,org.eclipse.equinox.util,1.0.300.v20110502,"org.eclipse.equinox.util",1334158321920
started,bundle,org.eclipse.help,3.5.100.v20110426,"org.eclipse.help",1334158321930
started,bundle,org.eclipse.jdt.apt.core,3.3.500.v20110420-1015,"org.eclipse.jdt.apt.core",1334158321930
started,bundle,org.eclipse.jdt.apt.pluggable.core,1.0.400.v20110305-1450,"org.eclipse.jdt.apt.pluggable.core",1334158321944
started,bundle,org.eclipse.jdt.core,3.7.1.v_B76_R37x,"org.eclipse.jdt.core",1334158321945
started,bundle,org.eclipse.jdt.core.manipulation,1.4.0.v20110505-0800,"org.eclipse.jdt.core.manipulation",1334158321945
started,bundle,org.eclipse.jdt.launching,3.6.1.v20110803_r371,"org.eclipse.jdt.launching",1334158321958
started,bundle,org.eclipse.jdt.launching.macosx,3.2.100.v20110509,"org.eclipse.jdt.launching.macosx",1334158321967
started,bundle,org.eclipse.jdt.ui,3.7.1.r371_v20110824-0800,"org.eclipse.jdt.ui",1334158321967
started,bundle,org.eclipse.jface,3.7.0.I20110522-1430,"org.eclipse.jface",1334158321968
started,bundle,org.eclipse.jgit,1.1.0.201109151100-r,"org.eclipse.jgit",1334158321969
started,bundle,org.eclipse.jsch.core,1.1.300.I20110514-0800,"org.eclipse.jsch.core",1334158321969
started,bundle,org.eclipse.ltk.core.refactoring,3.5.201.r371_v20110824-0800,"org.eclipse.ltk.core.refactoring",1334158321975
started,bundle,org.eclipse.ltk.ui.refactoring,3.6.0.v20110505-0800,"org.eclipse.ltk.ui.refactoring",1334158322006
started,bundle,org.eclipse.m2e.logback.configuration,1.0.100.20110804-1717,"org.eclipse.m2e.logback.configuration",1334158322018
started,bundle,org.eclipse.mylyn.bugzilla.core,3.6.2.v20110903-0100,"org.eclipse.mylyn.bugzilla.core",1334158322034
started,bundle,org.eclipse.mylyn.bugzilla.ui,3.6.0.v20110608-1400,"org.eclipse.mylyn.bugzilla.ui",1334158322046
started,bundle,org.eclipse.mylyn.commons.identity,0.8.0.v20110608-1400,"org.eclipse.mylyn.commons.identity",1334158322053
started,bundle,org.eclipse.mylyn.commons.net,3.6.0.v20110608-1400,"org.eclipse.mylyn.commons.net",1334158322053
started,bundle,org.eclipse.mylyn.commons.ui,3.6.1.v20110720-0100,"org.eclipse.mylyn.commons.ui",1334158322068
started,bundle,org.eclipse.mylyn.context.core,3.6.1.v20110720-0100,"org.eclipse.mylyn.context.core",1334158322069
started,bundle,org.eclipse.mylyn.context.ui,3.6.0.v20110608-1400,"org.eclipse.mylyn.context.ui",1334158322116
started,bundle,org.eclipse.mylyn.monitor.ui,3.6.0.v20110608-1400,"org.eclipse.mylyn.monitor.ui",1334158322123
started,bundle,org.eclipse.mylyn.tasks.ui,3.6.2.v20110826-0100,"org.eclipse.mylyn.tasks.ui",1334158322124
started,bundle,org.eclipse.mylyn.team.ui,3.6.1.v20110825-0100,"org.eclipse.mylyn.team.ui",1334158322124
started,bundle,org.eclipse.search,3.7.0.v20110505-0800,"org.eclipse.search",1334158322131
started,bundle,org.eclipse.team.core,3.6.0.I20110525-0800,"org.eclipse.team.core",1334158322132
started,bundle,org.eclipse.team.cvs.core,3.3.400.I20110510-0800,"org.eclipse.team.cvs.core",1334158322132
started,bundle,org.eclipse.team.cvs.ui,3.3.400.I20110510-0800,"org.eclipse.team.cvs.ui",1334158322133
started,bundle,org.eclipse.team.ui,3.6.100.I20110525-0800,"org.eclipse.team.ui",1334158322134
started,bundle,org.eclipse.ui,3.7.0.I20110602-0100,"org.eclipse.ui",1334158322150
started,bundle,org.eclipse.ui.console,3.5.100.v20110511,"org.eclipse.ui.console",1334158322150
started,bundle,org.eclipse.ui.editors,3.7.0.v20110517-0800,"org.eclipse.ui.editors",1334158322150
started,bundle,org.eclipse.ui.forms,3.5.100.v20110425,"org.eclipse.ui.forms",1334158322163
started,bundle,org.eclipse.ui.ide,3.7.0.v20110809-1737,"org.eclipse.ui.ide",1334158322164
started,bundle,org.eclipse.ui.net,1.2.100.I20110511-0800,"org.eclipse.ui.net",1334158322178
started,bundle,org.eclipse.ui.views,3.6.0.I20110412-0800,"org.eclipse.ui.views",1334158322179
started,bundle,org.eclipse.ui.workbench,3.7.0.I20110519-0100,"org.eclipse.ui.workbench",1334158322202
started,bundle,org.eclipse.ui.workbench.texteditor,3.7.0.v20110505-0800,"org.eclipse.ui.workbench.texteditor",1334158322215
started,bundle,org.eclipse.update.configurator,3.3.100.v20100512,"org.eclipse.update.configurator",1334158322227
started,bundle,org.eclipse.update.core,3.2.500.v20110330,"org.eclipse.update.core",1334158322239
started,bundle,org.eclipse.update.scheduler,3.2.300.v20100512,"org.eclipse.update.scheduler",1334158322246
started,bundle,org.eclipse.wb.discovery.core,1.1.0.r37x201109091028,"org.eclipse.wb.discovery.core",1334158322259
os,sysinfo,,,"macosx",1334158322263
arch,sysinfo,,,"x86_64",1334158322263
ws,sysinfo,,,"cocoa",1334158322263
locale,sysinfo,,,"en_US",1334158322263
processors,sysinfo,,,"8",1334158322263
java.runtime.name,sysinfo,,,"Java(TM) SE Runtime Environment",1334158322263
java.runtime.version,sysinfo,,,"1.6.0_29-b11-402-11M3626",1334158322263
java.specification.name,sysinfo,,,"Java Platform API Specification",1334158322263
java.specification.vendor,sysinfo,,,"Sun Microsystems Inc.",1334158322263
java.specification.version,sysinfo,,,"1.6",1334158322263
java.vendor,sysinfo,,,"Apple Inc.",1334158322263
java.version,sysinfo,,,"1.6.0_29",1334158322263
java.vm.info,sysinfo,,,"mixed mode",1334158322263
java.vm.name,sysinfo,,,"Java HotSpot(TM) 64-Bit Server VM",1334158322263
java.vm.specification.name,sysinfo,,,"Java Virtual Machine Specification",1334158322263
java.vm.specification.vendor,sysinfo,,,"Sun Microsystems Inc.",1334158322263
java.vm.specification.version,sysinfo,,,"1.0",1334158322263
java.vm.vendor,sysinfo,,,"Apple Inc.",1334158322263
java.vm.version,sysinfo,,,"20.4-b02-402",1334158322263
started,bundle,org.eclipse.m2e.usagedata,1.0.100.20110804-1717,"org.eclipse.m2e.usagedata",1334158322267
started,bundle,org.eclipse.wb.discovery.ui,1.1.0.r37x201109091028,"org.eclipse.wb.discovery.ui",1334158322489
started,bundle,org.eclipse.cdt.codan.ui.cxx,2.0.0.201202111925,"org.eclipse.cdt.codan.ui.cxx",1334158322492
started,bundle,org.eclipse.cdt.make.core,7.1.2.201202111925,"org.eclipse.cdt.make.core",1334158322638
started,bundle,org.eclipse.cdt.scripting,1.0.0.201202112006,"org.eclipse.cdt.scripting",1334158322680
started,bundle,org.eclipse.cdt.managedbuilder.core,8.0.2.201202111925,"org.eclipse.cdt.managedbuilder.core",1334158322696
started,bundle,org.eclipse.cdt.core,5.3.2.201202111925,"org.eclipse.cdt.core",1334158322760
started,bundle,org.eclipse.ui.navigator,3.5.100.v20110809-2227,"org.eclipse.ui.navigator",1334158322856
started,bundle,org.eclipse.cdt.ui,5.3.2.201202111925,"org.eclipse.cdt.ui",1334158322974
started,bundle,org.eclipse.cdt.make.ui,7.1.2.201202111925,"org.eclipse.cdt.make.ui",1334158322982
started,bundle,org.eclipse.cdt.codan.core.cxx,1.0.0.201202111925,"org.eclipse.cdt.codan.core.cxx",1334158322992
started,bundle,org.eclipse.cdt.codan.core,2.0.0.201202111925,"org.eclipse.cdt.codan.core",1334158323002
started,bundle,org.eclipse.cdt.codan.checkers,1.0.1.201202111925,"org.eclipse.cdt.codan.checkers",1334158323021
activated,view,org.eclipse.jdt.ui,3.7.1.r371_v20110824-0800,"org.eclipse.jdt.ui.PackageExplorer",1334158323150
opened,view,org.eclipse.ui.ide,3.7.0.v20110809-1737,"org.eclipse.ui.views.ProblemView",1334158324780
deactivated,workbench,org.eclipse.ui.workbench,3.7.0.I20110519-0100,"",1334158329204
activated,workbench,org.eclipse.ui.workbench,3.7.0.I20110519-0100,"",1334158333492
started,bundle,org.eclipse.compare,3.5.201.R37x_v20110817-0800,"org.eclipse.compare",1334158337051
deactivated,workbench,org.eclipse.ui.workbench,3.7.0.I20110519-0100,"",1334158339422
activated,workbench,org.eclipse.ui.workbench,3.7.0.I20110519-0100,"",1334158347711
activated,editor,org.eclipse.jdt.ui,3.7.1.r371_v20110824-0800,"org.eclipse.jdt.ui.CompilationUnitEditor",1334158351791
opened,editor,org.eclipse.jdt.ui,3.7.1.r371_v20110824-0800,"org.eclipse.jdt.ui.ClassFileEditor",1334158352252
activated,editor,org.eclipse.jdt.ui,3.7.1.r371_v20110824-0800,"org.eclipse.jdt.ui.ClassFileEditor",1334158352303
closed,editor,org.eclipse.jdt.ui,3.7.1.r371_v20110824-0800,"org.eclipse.jdt.ui.CompilationUnitEditor",1334158352378
activated,view,org.eclipse.jdt.ui,3.7.1.r371_v20110824-0800,"org.eclipse.jdt.ui.PackageExplorer",1334158356097
closed,editor,org.eclipse.jdt.ui,3.7.1.r371_v20110824-0800,"org.eclipse.jdt.ui.ClassFileEditor",1334158356097
deactivated,workbench,org.eclipse.ui.workbench,3.7.0.I20110519-0100,"",1334158360322
activated,workbench,org.eclipse.ui.workbench,3.7.0.I20110519-0100,"",1334158368567
deactivated,workbench,org.eclipse.ui.workbench,3.7.0.I20110519-0100,"",1334158370902
activated,workbench,org.eclipse.ui.workbench,3.7.0.I20110519-0100,"",1334158497831
deactivated,workbench,org.eclipse.ui.workbench,3.7.0.I20110519-0100,"",1334158500383
activated,workbench,org.eclipse.ui.workbench,3.7.0.I20110519-0100,"",1334158589479
deactivated,workbench,org.eclipse.ui.workbench,3.7.0.I20110519-0100,"",1334158595141
started,bundle,org.eclipse.mylyn.ide.ui,3.6.0.v20110608-1400,"org.eclipse.mylyn.ide.ui",1334158597586
started,bundle,org.eclipse.wb.core.lib,1.1.0.r37x201109091012,"org.eclipse.wb.core.lib",1334158597803
started,bundle,org.eclipse.wb.core,1.1.0.r37x201109091012,"org.eclipse.wb.core",1334158597835
activated,workbench,org.eclipse.ui.workbench,3.7.0.I20110519-0100,"",1334158598408
opened,editor,org.eclipse.jdt.ui,3.7.1.r371_v20110824-0800,"org.eclipse.jdt.ui.CompilationUnitEditor",1334158598563
activated,editor,org.eclipse.jdt.ui,3.7.1.r371_v20110824-0800,"org.eclipse.jdt.ui.CompilationUnitEditor",1334158598589
executed,command,org.eclipse.ui,3.7.0.I20110602-0100,"org.eclipse.ui.edit.paste",1334158603748
started,bundle,org.eclipse.jdt.junit,3.7.0.v20110505-0800,"org.eclipse.jdt.junit",1334158604719
deactivated,workbench,org.eclipse.ui.workbench,3.7.0.I20110519-0100,"",1334158606823
activated,workbench,org.eclipse.ui.workbench,3.7.0.I20110519-0100,"",1334158739294
executed,command,org.eclipse.ui,3.7.0.I20110602-0100,"org.eclipse.ui.edit.paste",1334158744522
deactivated,workbench,org.eclipse.ui.workbench,3.7.0.I20110519-0100,"",1334158761043
activated,workbench,org.eclipse.ui.workbench,3.7.0.I20110519-0100,"",1334158764145
opened,editor,org.eclipse.jdt.ui,3.7.1.r371_v20110824-0800,"org.eclipse.jdt.ui.ClassFileEditor",1334158764295
activated,editor,org.eclipse.jdt.ui,3.7.1.r371_v20110824-0800,"org.eclipse.jdt.ui.ClassFileEditor",1334158764324
executed,command,org.eclipse.jdt.ui,3.7.1.r371_v20110824-0800,"org.eclipse.jdt.ui.navigate.open.type",1334158764441
deactivated,workbench,org.eclipse.ui.workbench,3.7.0.I20110519-0100,"",1334158954320
executed,command,org.eclipse.ui,3.7.0.I20110602-0100,"org.eclipse.ui.edit.findReplace",1334158954357
activated,workbench,org.eclipse.ui.workbench,3.7.0.I20110519-0100,"",1334158959663
deactivated,workbench,org.eclipse.ui.workbench,3.7.0.I20110519-0100,"",1334158965660
executed,command,org.eclipse.ui,3.7.0.I20110602-0100,"org.eclipse.ui.edit.findReplace",1334158965689
activated,workbench,org.eclipse.ui.workbench,3.7.0.I20110519-0100,"",1334159007746
activated,editor,org.eclipse.jdt.ui,3.7.1.r371_v20110824-0800,"org.eclipse.jdt.ui.CompilationUnitEditor",1334159010705
activated,editor,org.eclipse.jdt.ui,3.7.1.r371_v20110824-0800,"org.eclipse.jdt.ui.ClassFileEditor",1334159012673
opened,view,org.eclipse.jdt.ui,3.7.1.r371_v20110824-0800,"org.eclipse.jdt.ui.TypeHierarchy",1334159020157
activated,view,org.eclipse.jdt.ui,3.7.1.r371_v20110824-0800,"org.eclipse.jdt.ui.TypeHierarchy",1334159020185
executed,command,org.eclipse.jdt.ui,3.7.1.r371_v20110824-0800,"org.eclipse.jdt.ui.edit.text.java.open.type.hierarchy",1334159020246
deactivated,workbench,org.eclipse.ui.workbench,3.7.0.I20110519-0100,"",1334159020643
activated,workbench,org.eclipse.ui.workbench,3.7.0.I20110519-0100,"",1334159031465
opened,editor,org.eclipse.jdt.ui,3.7.1.r371_v20110824-0800,"org.eclipse.jdt.ui.ClassFileEditor",1334159063339
activated,editor,org.eclipse.jdt.ui,3.7.1.r371_v20110824-0800,"org.eclipse.jdt.ui.ClassFileEditor",1334159063370
opened,editor,org.eclipse.jdt.ui,3.7.1.r371_v20110824-0800,"org.eclipse.jdt.ui.ClassFileEditor",1334159069362
activated,editor,org.eclipse.jdt.ui,3.7.1.r371_v20110824-0800,"org.eclipse.jdt.ui.ClassFileEditor",1334159069396
executed,command,org.eclipse.jdt.ui,3.7.1.r371_v20110824-0800,"org.eclipse.jdt.ui.edit.text.java.open.editor",1334159069484
activated,editor,org.eclipse.jdt.ui,3.7.1.r371_v20110824-0800,"org.eclipse.jdt.ui.ClassFileEditor",1334159090266
deactivated,workbench,org.eclipse.ui.workbench,3.7.0.I20110519-0100,"",1334159092617
executed,command,org.eclipse.ui,3.7.0.I20110602-0100,"org.eclipse.ui.edit.findReplace",1334159092650
activated,workbench,org.eclipse.ui.workbench,3.7.0.I20110519-0100,"",1334159096350
executed,command,org.eclipse.jdt.ui,3.7.1.r371_v20110824-0800,"org.eclipse.jdt.ui.edit.text.java.open.editor",1334159174695
deactivated,workbench,org.eclipse.ui.workbench,3.7.0.I20110519-0100,"",1334159191524
activated,workbench,org.eclipse.ui.workbench,3.7.0.I20110519-0100,"",1334159200086
activated,editor,org.eclipse.jdt.ui,3.7.1.r371_v20110824-0800,"org.eclipse.jdt.ui.CompilationUnitEditor",1334159201329
deactivated,workbench,org.eclipse.ui.workbench,3.7.0.I20110519-0100,"",1334159210647
activated,workbench,org.eclipse.ui.workbench,3.7.0.I20110519-0100,"",1334159217092
executed,command,org.eclipse.ui,3.7.0.I20110602-0100,"org.eclipse.ui.edit.paste",1334159220337
executed,command,org.eclipse.ui,3.7.0.I20110602-0100,"org.eclipse.ui.file.save",1334159224694
executed,command,org.eclipse.ui,3.7.0.I20110602-0100,"org.eclipse.ui.edit.copy",1334159246412
deactivated,workbench,org.eclipse.ui.workbench,3.7.0.I20110519-0100,"",1334159247021
activated,workbench,org.eclipse.ui.workbench,3.7.0.I20110519-0100,"",1334159250273
executed,command,org.eclipse.ui,3.7.0.I20110602-0100,"org.eclipse.ui.edit.paste",1334159255435
executed,command,org.eclipse.ui,3.7.0.I20110602-0100,"org.eclipse.ui.edit.copy",1334159274404
executed,command,org.eclipse.ui,3.7.0.I20110602-0100,"org.eclipse.ui.edit.paste",1334159275958
executed,command,org.eclipse.ui,3.7.0.I20110602-0100,"org.eclipse.ui.file.save",1334159287847
activated,view,org.eclipse.jdt.ui,3.7.1.r371_v20110824-0800,"org.eclipse.jdt.ui.PackageExplorer",1334159737056
deactivated,workbench,org.eclipse.ui.workbench,3.7.0.I20110519-0100,"",1334159741874
activated,workbench,org.eclipse.ui.workbench,3.7.0.I20110519-0100,"",1334159745137
opened,editor,org.eclipse.jdt.ui,3.7.1.r371_v20110824-0800,"org.eclipse.jdt.ui.CompilationUnitEditor",1334159745281
activated,editor,org.eclipse.jdt.ui,3.7.1.r371_v20110824-0800,"org.eclipse.jdt.ui.CompilationUnitEditor",1334159745309
activated,view,org.eclipse.jdt.ui,3.7.1.r371_v20110824-0800,"org.eclipse.jdt.ui.PackageExplorer",1334159746569
deactivated,workbench,org.eclipse.ui.workbench,3.7.0.I20110519-0100,"",1334159748030
activated,workbench,org.eclipse.ui.workbench,3.7.0.I20110519-0100,"",1334159757519
activated,editor,org.eclipse.jdt.ui,3.7.1.r371_v20110824-0800,"org.eclipse.jdt.ui.CompilationUnitEditor",1334159762921
activated,view,org.eclipse.jdt.ui,3.7.1.r371_v20110824-0800,"org.eclipse.jdt.ui.PackageExplorer",1334159763189
activated,editor,org.eclipse.jdt.ui,3.7.1.r371_v20110824-0800,"org.eclipse.jdt.ui.CompilationUnitEditor",1334159763736
executed,command,org.eclipse.ui,3.7.0.I20110602-0100,"org.eclipse.ui.edit.cut",1334159768021
executed,command,org.eclipse.ui,3.7.0.I20110602-0100,"org.eclipse.ui.file.save",1334159768935
activated,view,org.eclipse.jdt.ui,3.7.1.r371_v20110824-0800,"org.eclipse.jdt.ui.PackageExplorer",1334159769927
activated,editor,org.eclipse.jdt.ui,3.7.1.r371_v20110824-0800,"org.eclipse.jdt.ui.CompilationUnitEditor",1334159770107
executed,command,org.eclipse.ui,3.7.0.I20110602-0100,"org.eclipse.ui.edit.paste",1334159772034
executed,command,org.eclipse.ui,3.7.0.I20110602-0100,"org.eclipse.ui.file.save",1334159772380
executed,command,org.eclipse.jdt.ui,3.7.1.r371_v20110824-0800,"org.eclipse.jdt.ui.edit.text.java.format",1334159776251
executed,command,org.eclipse.ui,3.7.0.I20110602-0100,"org.eclipse.ui.file.save",1334159776692
activated,view,org.eclipse.jdt.ui,3.7.1.r371_v20110824-0800,"org.eclipse.jdt.ui.PackageExplorer",1334159781224
deactivated,workbench,org.eclipse.ui.workbench,3.7.0.I20110519-0100,"",1334159785435
activated,workbench,org.eclipse.ui.workbench,3.7.0.I20110519-0100,"",1334159792314
deactivated,workbench,org.eclipse.ui.workbench,3.7.0.I20110519-0100,"",1334159795719
started,bundle,org.eclipse.jdt.debug,3.7.1.v20110802_r371,"org.eclipse.jdt.debug",1334159798675
started,bundle,org.eclipse.debug.ui,3.7.101.v20110817_r371,"org.eclipse.debug.ui",1334159798794
started,bundle,org.eclipse.jdt.debug.ui,3.6.1.v20110803_r371,"org.eclipse.jdt.debug.ui",1334159798999
activated,workbench,org.eclipse.ui.workbench,3.7.0.I20110519-0100,"",1334159800320
activated,editor,org.eclipse.jdt.ui,3.7.1.r371_v20110824-0800,"org.eclipse.jdt.ui.CompilationUnitEditor",1334159803784
deactivated,workbench,org.eclipse.ui.workbench,3.7.0.I20110519-0100,"",1334159807183
activated,workbench,org.eclipse.ui.workbench,3.7.0.I20110519-0100,"",1334159874431
executed,command,org.eclipse.ui,3.7.0.I20110602-0100,"org.eclipse.ui.file.save",1334159883397
executed,command,org.eclipse.ui,3.7.0.I20110602-0100,"org.eclipse.ui.file.save",1334159892745
executed,command,org.eclipse.ui,3.7.0.I20110602-0100,"org.eclipse.ui.file.save",1334159901902
deactivated,workbench,org.eclipse.ui.workbench,3.7.0.I20110519-0100,"",1334159904581
activated,workbench,org.eclipse.ui.workbench,3.7.0.I20110519-0100,"",1334159909243
executed,command,org.eclipse.ui,3.7.0.I20110602-0100,"org.eclipse.ui.file.save",1334159922489
executed,command,org.eclipse.ui,3.7.0.I20110602-0100,"org.eclipse.ui.file.save",1334159932235
executed,command,org.eclipse.ui,3.7.0.I20110602-0100,"org.eclipse.ui.file.save",1334159939345
executed,command,org.eclipse.ui,3.7.0.I20110602-0100,"org.eclipse.ui.file.save",1334159949923
executed,command,org.eclipse.ui,3.7.0.I20110602-0100,"org.eclipse.ui.file.save",1334159957888
executed,command,org.eclipse.ui,3.7.0.I20110602-0100,"org.eclipse.ui.file.save",1334159968650
executed,command,org.eclipse.ui,3.7.0.I20110602-0100,"org.eclipse.ui.file.save",1334159994290
executed,command,org.eclipse.ui,3.7.0.I20110602-0100,"org.eclipse.ui.file.save",1334160009595
activated,view,org.eclipse.jdt.ui,3.7.1.r371_v20110824-0800,"org.eclipse.jdt.ui.PackageExplorer",1334160016979
activated,editor,org.eclipse.jdt.ui,3.7.1.r371_v20110824-0800,"org.eclipse.jdt.ui.CompilationUnitEditor",1334160017656
activated,view,org.eclipse.jdt.ui,3.7.1.r371_v20110824-0800,"org.eclipse.jdt.ui.PackageExplorer",1334160027159
activated,editor,org.eclipse.jdt.ui,3.7.1.r371_v20110824-0800,"org.eclipse.jdt.ui.CompilationUnitEditor",1334160039353
deactivated,workbench,org.eclipse.ui.workbench,3.7.0.I20110519-0100,"",1334160043726
activated,workbench,org.eclipse.ui.workbench,3.7.0.I20110519-0100,"",1334160044363
activated,view,org.eclipse.jdt.ui,3.7.1.r371_v20110824-0800,"org.eclipse.jdt.ui.PackageExplorer",1334160046858
activated,editor,org.eclipse.jdt.ui,3.7.1.r371_v20110824-0800,"org.eclipse.jdt.ui.CompilationUnitEditor",1334160047013
executed,command,org.eclipse.ui,3.7.0.I20110602-0100,"org.eclipse.ui.edit.copy",1334160056187
executed,command,org.eclipse.ui,3.7.0.I20110602-0100,"org.eclipse.ui.edit.paste",1334160060392
executed,command,org.eclipse.ui,3.7.0.I20110602-0100,"org.eclipse.ui.file.save",1334160060951
deactivated,workbench,org.eclipse.ui.workbench,3.7.0.I20110519-0100,"",1334160067264
activated,workbench,org.eclipse.ui.workbench,3.7.0.I20110519-0100,"",1334160072017
executed,command,org.eclipse.ui,3.7.0.I20110602-0100,"org.eclipse.ui.file.save",1334160075317
deactivated,workbench,org.eclipse.ui.workbench,3.7.0.I20110519-0100,"",1334160090299
activated,workbench,org.eclipse.ui.workbench,3.7.0.I20110519-0100,"",1334160250219
deactivated,workbench,org.eclipse.ui.workbench,3.7.0.I20110519-0100,"",1334160251981
activated,workbench,org.eclipse.ui.workbench,3.7.0.I20110519-0100,"",1334160255294
started,bundle,org.eclipse.mylyn.java.ui,3.6.0.v20110608-1400,"org.eclipse.mylyn.java.ui",1334160274602
